City_ID,City,Lat,Long,Max Temp,Humidity,Cloudiness,Wind Speed,Country,Date
0,Kaoma,-14.78,24.8,60.71,48,0,10.85,ZM,1592461893
1,Sochi,43.6,39.73,78.8,69,20,2.24,RU,1592461730
2,Sibolga,1.74,98.78,79.39,76,100,6.24,ID,1592461893
3,Puerto Ayora,-0.74,-90.35,66.99,94,14,8.59,EC,1592461888
4,Lorengau,-2.02,147.27,84.74,75,0,11.16,PG,1592461893
5,Lander,42.83,-108.73,46.99,57,40,6.93,US,1592461893
6,Vila Velha,-20.33,-40.29,64.0,100,22,3.36,BR,1592461894
7,Punta Arenas,-53.15,-70.92,28.4,92,0,2.55,CL,1592461894
8,Saint George,37.1,-113.58,77.0,15,1,18.34,US,1592461725
9,Hilo,19.73,-155.09,78.8,74,90,6.93,US,1592461572
10,Menongue,-14.66,17.69,46.92,73,0,6.35,AO,1592461745
11,Mataura,-46.19,168.86,39.0,83,0,3.0,NZ,1592461894
12,Laguna,38.42,-121.42,72.0,43,1,3.36,US,1592461877
13,Ushuaia,-54.8,-68.3,33.8,86,20,4.7,AR,1592461884
14,Pimentel,-6.84,-79.93,64.17,88,61,8.7,PE,1592461850
15,East London,-33.02,27.91,59.0,54,0,10.29,ZA,1592461895
16,Bredasdorp,-34.53,20.04,41.0,80,0,5.82,ZA,1592461887
17,Vaini,-21.2,-175.2,68.0,94,75,6.93,TO,1592461895
18,Mar del Plata,-38.0,-57.56,59.0,100,75,11.41,AR,1592461605
19,Havelock,34.88,-76.9,73.0,88,1,6.29,US,1592461896
20,Bambous Virieux,-20.34,57.76,73.99,73,75,17.22,MU,1592461896
21,Kapaa,22.08,-159.32,78.8,78,90,18.34,US,1592461896
22,Poum,-20.23,164.02,74.64,81,100,11.97,NC,1592461896
23,Atasū,48.68,71.64,70.36,44,98,11.39,KZ,1592461896
24,Liwale,-9.77,37.93,72.59,56,82,9.53,TZ,1592461896
25,Albany,42.6,-73.97,68.0,73,93,1.68,US,1592461897
26,Ribeira Grande,38.52,-28.7,62.6,77,75,6.93,PT,1592461897
27,Yangi Marg`ilon,40.43,71.72,78.8,22,94,6.93,UZ,1592461897
28,Port Elizabeth,-33.92,25.57,46.4,75,0,2.24,ZA,1592461897
29,Thompson,55.74,-97.86,39.2,93,90,14.99,CA,1592461897
30,Katsuura,35.13,140.3,75.99,78,75,5.82,JP,1592461898
31,Yulara,-25.24,130.99,73.4,16,0,4.7,AU,1592461898
32,Jamestown,42.1,-79.24,62.6,72,20,3.36,US,1592461898
33,Hithadhoo,-0.6,73.08,83.89,78,84,11.68,MV,1592461897
34,Ternate,0.8,127.4,86.13,71,45,1.77,ID,1592461899
35,Port Hedland,-20.32,118.57,82.4,34,0,10.29,AU,1592461894
36,Tuktoyaktuk,69.45,-133.04,48.2,93,40,8.05,CA,1592461879
37,Laas,46.62,10.7,46.4,87,40,8.05,IT,1592461899
38,Cockburn Town,21.46,-71.14,81.81,79,20,17.38,TC,1592461899
39,Yumen,40.28,97.2,91.71,10,100,11.97,CN,1592461899
40,Busselton,-33.65,115.33,55.99,90,1,16.02,AU,1592461899
41,Nuevo Progreso,23.17,-97.95,78.01,72,6,1.01,MX,1592461900
42,Rikitea,-23.12,-134.97,75.72,85,25,15.86,PF,1592461899
43,Hobart,-42.88,147.33,48.2,70,75,5.82,AU,1592461900
44,Palmas Bellas,9.23,-80.09,78.01,94,94,2.24,PA,1592461900
45,San Cristobal,7.77,-72.22,65.17,91,39,1.41,VE,1592461900
46,Nikolskoye,59.7,30.79,78.01,73,2,6.71,RU,1592461901
47,Khatanga,71.97,102.5,59.02,34,99,4.7,RU,1592461901
48,Chapais,49.78,-74.85,73.4,60,1,8.05,CA,1592461901
49,Oistins,13.07,-59.53,80.6,78,40,11.41,BB,1592461901
50,Sorab,14.38,75.1,79.21,74,99,14.74,IN,1592461901
51,Cape Town,-33.93,18.42,63.0,58,0,5.82,ZA,1592461692
52,Carnarvon,-24.87,113.63,73.4,60,90,13.87,AU,1592461889
53,Port-Gentil,-0.72,8.78,73.4,94,75,4.7,GA,1592461801
54,Narsaq,60.92,-46.05,37.4,86,82,4.7,GL,1592461902
55,Avarua,-21.21,-159.78,71.6,64,2,10.29,CK,1592461786
56,Geraldton,-28.77,114.6,66.2,55,40,16.11,AU,1592461841
57,Lagoa,39.05,-27.98,62.69,79,90,9.04,PT,1592461902
58,Sur,22.57,59.53,98.46,38,32,12.88,OM,1592461750
59,Oktyabr'skoye,43.06,44.74,66.2,93,75,2.24,RU,1592461903
60,Port Hardy,50.7,-127.42,55.4,82,75,3.36,CA,1592461903
61,Egerszalók,47.87,20.33,67.12,83,92,3.8,HU,1592461903
62,Atuona,-9.8,-139.03,80.55,74,15,13.62,PF,1592461903
63,Saldanha,-33.01,17.94,46.4,47,0,5.82,ZA,1592461904
64,Butaritari,3.07,172.79,83.57,66,2,8.57,KI,1592461904
65,Balkhash,46.84,74.98,78.8,15,28,11.18,KZ,1592461904
66,Dudinka,69.41,86.18,48.2,36,71,4.47,RU,1592461615
67,Belaya Gora,68.53,146.42,89.83,18,13,8.97,RU,1592461904
68,Peñón Blanco,24.79,-104.04,71.26,48,91,1.25,MX,1592461905
69,New Norfolk,-42.78,147.06,43.0,77,70,1.66,AU,1592461736
70,Kovdor,67.57,30.48,70.95,36,91,9.04,RU,1592461905
71,Tevaitoa,-16.78,-151.5,81.5,76,67,3.33,PF,1592461905
72,"Leibnitz, Styria",46.78,15.54,64.0,51,100,5.01,AT,1592461905
73,Florø,61.6,5.03,55.4,100,90,4.7,NO,1592461905
74,Qiongshan,20.01,110.35,93.2,63,40,8.95,CN,1592461906
75,Bluff,-46.6,168.33,39.0,83,16,3.0,NZ,1592461906
76,Kaitangata,-46.28,169.85,46.0,53,45,11.01,NZ,1592461640
77,Saint Paul Harbor,57.79,-152.41,50.0,87,90,12.75,US,1592461906
78,Provideniya,64.38,-173.3,57.2,58,1,4.47,RU,1592461906
79,Norman Wells,65.28,-126.83,66.2,55,40,4.7,CA,1592461907
80,Neiafu,-18.65,-173.98,73.4,69,20,8.05,TO,1592461907
81,Pochutla,15.74,-96.47,77.0,87,100,2.59,MX,1592461907
82,Cherskiy,68.75,161.3,77.05,31,4,10.87,RU,1592461861
83,Rupert,42.62,-113.68,50.0,66,1,8.05,US,1592461907
84,Abonnema,4.71,6.79,75.2,100,75,7.92,NG,1592461907
85,Rio Branco,-9.97,-67.81,69.8,100,88,1.54,BR,1592461908
86,Coari,-4.08,-63.14,73.15,92,100,2.26,BR,1592461647
87,Dāmghān,36.17,54.35,87.4,14,0,3.76,IR,1592461908
88,Qaanaaq,77.48,-69.36,29.17,95,98,1.3,GL,1592461905
89,Lüderitz,-26.65,15.16,75.2,16,0,20.8,NA,1592461887
90,Yellowknife,62.46,-114.35,55.0,57,20,6.93,CA,1592461902
91,Storforshei,66.4,14.52,59.0,58,57,4.7,NO,1592461909
92,Itarema,-2.92,-39.92,74.39,90,10,11.88,BR,1592461909
93,Kungurtug,50.6,97.52,71.96,42,100,2.51,RU,1592461909
94,Arrondissement de Pontivy,48.0,-3.0,57.99,100,90,4.7,FR,1592461910
95,Bilibino,68.05,166.44,78.12,27,100,8.61,RU,1592461910
96,Bīrpur,26.52,87.02,81.93,83,100,15.99,IN,1592461910
97,Pijijiapan,15.7,-93.23,76.96,84,100,3.51,MX,1592461910
98,Aksarka,66.56,67.8,47.26,53,100,6.46,RU,1592461910
99,Yakeshi,49.28,120.73,73.62,53,82,7.99,CN,1592461911
100,Atar,20.52,-13.05,89.04,27,0,12.46,MR,1592461694
101,São Gabriel da Cachoeira,-0.13,-67.09,72.86,98,82,1.36,BR,1592461911
102,Cadereyta,25.58,-99.98,78.8,78,20,11.41,MX,1592461911
103,Arraial do Cabo,-22.97,-42.03,69.33,77,0,18.19,BR,1592461897
104,Cidreira,-30.18,-50.21,62.69,85,100,8.95,BR,1592461911
105,Tasiilaq,65.61,-37.64,39.2,80,100,23.04,GL,1592461912
106,Copiapó,-27.37,-70.33,50.0,87,68,16.11,CL,1592461912
107,Hermanus,-34.42,19.23,48.99,79,0,1.99,ZA,1592461912
108,Mehamn,71.04,27.85,55.4,54,98,10.29,NO,1592461912
109,Montelíbano,7.98,-75.42,74.05,94,100,1.45,CO,1592461912
110,Tuatapere,-46.13,167.68,39.0,83,0,3.0,NZ,1592461897
111,Ndola,-12.96,28.64,60.26,55,0,10.02,ZM,1592461913
112,Deputatsky,69.3,139.9,79.25,23,73,6.58,RU,1592461913
113,Longyearbyen,78.22,15.64,39.2,80,75,4.7,SJ,1592461716
114,Alekseyevsk,57.84,108.35,58.77,71,100,1.52,RU,1592461914
115,Nizhniy Tsasuchey,50.52,115.13,74.26,36,85,9.86,RU,1592461914
116,Sitka,57.05,-135.33,51.8,87,90,10.29,US,1592461914
117,Fort Nelson,58.81,-122.7,60.8,77,20,4.7,CA,1592461914
118,Cabo San Lucas,22.89,-109.91,84.99,38,32,13.09,MX,1592461874
119,Santa Maria,-29.68,-53.81,68.81,70,100,12.68,BR,1592461915
120,Aklavik,68.22,-135.01,60.8,67,75,5.82,CA,1592461915
121,Ayorou,14.73,0.92,90.39,42,40,14.88,NE,1592461915
122,Ayr,55.46,-4.63,55.4,87,20,5.82,GB,1592461915
123,Lebu,-37.62,-73.65,52.9,87,100,28.14,CL,1592461915
124,Waddān,29.16,16.14,82.53,21,0,7.63,LY,1592461916
125,Betafo,-19.83,46.85,56.61,56,44,9.95,MG,1592461916
126,Mossamedes,-15.2,12.15,71.47,51,0,4.54,AO,1592461650
127,Tura,25.52,90.22,81.43,87,44,7.58,IN,1592461916
128,Muisne,0.6,-80.03,76.14,89,96,8.3,EC,1592461916
129,Najrān,17.49,44.13,96.8,18,52,9.17,SA,1592461720
130,Walla Walla,46.06,-118.34,59.0,71,1,11.41,US,1592461739
131,Port Alfred,-33.59,26.89,57.0,65,0,3.0,ZA,1592461917
132,Bengkulu,-3.8,102.27,85.21,68,51,6.44,ID,1592461917
133,Gorin,51.2,136.67,52.84,70,94,9.62,RU,1592461917
134,Pangai,-19.8,-174.35,75.2,69,20,17.22,TO,1592461917
135,Yiyang,28.59,112.33,73.06,87,100,6.82,CN,1592461659
136,Umluj,25.02,37.27,95.02,28,0,17.0,SA,1592461918
137,Barrow,71.29,-156.79,39.2,80,1,11.41,US,1592461888
138,Massapê,-3.52,-40.34,71.82,91,6,3.56,BR,1592461918
139,Kavaratti,10.57,72.64,86.0,79,90,6.93,IN,1592461918
140,Vammala,61.33,22.9,61.0,72,20,9.17,FI,1592461918
141,Vanavara,60.34,102.28,75.07,30,8,1.25,RU,1592461918
142,Pisco,-13.7,-76.22,60.8,87,75,5.82,PE,1592461919
143,Oranjemund,-28.55,16.43,63.99,35,0,23.76,NA,1592461919
144,Mahibadhoo,3.78,72.97,84.25,74,99,5.77,MV,1592461919
145,Burlington,39.88,-74.64,63.0,100,90,6.93,US,1592461760
146,Morón de la Frontera,37.12,-5.45,66.99,82,0,2.24,ES,1592461919
147,Aracati,-4.56,-37.77,70.99,88,0,8.3,BR,1592461919
148,Talara,-4.58,-81.27,67.17,78,4,12.91,PE,1592461920
149,Verkhnyaya Inta,65.98,60.31,42.71,64,100,15.66,RU,1592461920
150,Ahipara,-35.17,173.17,55.71,81,66,8.3,NZ,1592461887
151,Bac Lieu,9.29,105.72,92.55,54,17,8.95,VN,1592461755
152,Shache,38.42,77.24,90.77,13,31,1.07,CN,1592461920
153,Namatanai,-3.67,152.43,83.19,74,12,8.61,PG,1592461920
154,Onega,63.91,38.14,63.01,41,0,5.17,RU,1592461921
155,Pampierstad,-27.78,24.69,48.43,67,0,8.12,ZA,1592461921
156,Amazar,53.86,120.88,58.91,81,100,3.69,RU,1592461921
157,Saskylakh,71.92,114.08,67.57,47,16,5.91,RU,1592461921
158,Hornepayne,49.21,-84.77,64.02,73,0,9.53,CA,1592461921
159,Kontagora,10.4,5.47,71.89,88,100,6.38,NG,1592461922
160,Los Llanos de Aridane,28.66,-17.92,68.0,72,20,5.82,ES,1592461922
161,Ponta do Sol,32.67,-17.1,68.0,72,20,12.75,PT,1592461922
162,Karasjok,69.47,25.51,60.8,48,58,12.75,NO,1592461922
163,Manggar,-2.88,108.27,83.32,78,83,15.17,ID,1592461922
164,Yenagoa,4.92,6.26,76.64,90,99,7.05,NG,1592461923
165,Olenegorsk,68.15,33.3,68.5,39,100,10.71,RU,1592461923
166,Maningrida,-12.07,134.27,83.68,57,91,10.51,AU,1592461923
167,Ambon City,-3.7,128.18,80.6,88,40,5.82,ID,1592461759
168,Esperance,-33.87,121.9,60.8,55,40,26.4,AU,1592461602
169,Bud,39.45,-86.18,69.01,64,1,3.38,US,1592461923
170,Klaksvík,62.23,-6.59,48.2,100,89,2.24,FO,1592461901
171,Chui,-33.7,-53.46,69.76,72,100,18.84,UY,1592461911
172,Kavieng,-2.57,150.8,85.01,71,8,9.8,PG,1592461924
173,Bethel,41.37,-73.41,64.4,93,90,4.7,US,1592461924
174,Palu,-0.89,119.87,86.68,67,100,2.89,ID,1592461924
175,Mikuni,36.22,136.15,71.6,83,90,14.99,JP,1592461925
176,Malinovoye Ozero,51.68,79.78,76.37,30,100,10.45,RU,1592461925
177,Belyy Yar,53.6,91.39,77.0,44,20,4.47,RU,1592461925
178,Dingle,11.0,122.67,86.95,69,100,3.85,PH,1592461896
179,Codrington,-38.27,141.97,53.8,76,100,9.31,AU,1592461917
180,Kahului,20.89,-156.47,78.8,65,20,16.11,US,1592461926
181,Nizwá,22.93,57.53,104.79,15,42,5.03,OM,1592461756
182,Puerto Baquerizo Moreno,-0.9,-89.6,68.61,87,5,11.79,EC,1592461926
183,Caravelas,-17.71,-39.25,69.31,85,8,5.39,BR,1592461926
184,San Rafael,-34.62,-68.33,48.09,52,100,5.53,AR,1592461926
185,La Rioja,42.25,-2.5,57.2,82,90,5.82,ES,1592461667
186,Rājmahal,25.05,87.83,86.7,71,78,11.95,IN,1592461927
187,Dikson,73.51,80.55,32.65,94,0,9.37,RU,1592461927
188,Bilma,18.69,12.92,92.95,12,0,11.16,NE,1592461927
189,Coquimbo,-29.95,-71.34,50.0,87,100,4.7,CL,1592461927
190,Tommot,58.96,126.29,75.87,44,100,4.34,RU,1592461927
191,Viedma,-40.81,-63.0,46.11,74,0,10.38,AR,1592461928
192,Collie,-33.37,116.15,55.0,90,0,9.69,AU,1592461928
193,Anadyr,64.75,177.48,68.0,37,20,11.18,RU,1592461928
194,Maniitsoq,65.42,-52.9,36.9,80,15,4.92,GL,1592461928
195,Hambantota,6.12,81.12,91.4,66,40,9.17,LK,1592461778
196,Husavik,66.04,-17.34,48.2,76,100,6.93,IS,1592461905
197,Castro,-24.79,-50.01,54.72,95,100,6.2,BR,1592461898
198,Tiksi,71.69,128.87,58.55,48,100,5.32,RU,1592461905
199,Nawalapitiya,7.06,80.53,83.59,56,74,6.96,LK,1592461929
200,Toora-Khem,52.47,96.11,85.62,24,64,2.53,RU,1592461929
201,Tessalit,20.2,1.01,94.62,11,0,18.77,ML,1592461929
202,Sutysky,49.04,28.42,68.0,82,97,6.71,UA,1592461929
203,Opuwo,-18.06,13.84,59.59,44,0,15.88,NA,1592461930
204,Vila Franca do Campo,37.72,-25.43,62.6,77,75,5.82,PT,1592461930
205,São Filipe,14.9,-24.5,77.23,71,2,6.76,CV,1592461638
206,Carutapera,-1.2,-46.02,73.08,94,15,3.98,BR,1592461930
207,Sola,-13.88,167.55,82.4,69,90,8.05,VU,1592461930
208,Te Anau,-45.42,167.72,36.34,85,6,5.35,NZ,1592461847
209,Linhares,-19.39,-40.07,63.57,91,26,3.56,BR,1592461931
210,Ürümqi,43.8,87.6,82.4,30,100,11.18,CN,1592461931
211,Urambo,-5.07,32.05,69.42,47,7,8.75,TZ,1592461931
212,Asău,46.43,26.4,62.01,90,93,3.33,RO,1592461931
213,Zemio,5.03,25.14,78.98,68,53,2.39,CF,1592461932
214,Scunthorpe,53.58,-0.65,55.99,100,100,12.75,GB,1592461932
215,Port Blair,11.67,92.75,86.4,75,91,15.28,IN,1592461782
216,Fortuna,40.6,-124.16,53.01,93,1,3.11,US,1592461932
217,Nantucket,41.28,-70.1,57.2,95,90,8.14,US,1592461825
218,Thinadhoo,0.53,72.93,84.25,72,100,6.17,MV,1592461932
219,Koróni,36.8,21.95,73.4,64,0,6.73,GR,1592461932
220,Tema,5.67,-0.02,78.8,88,40,4.7,GH,1592461773
221,Srīvardhan,18.03,73.02,81.55,84,100,15.28,IN,1592461933
222,Belmonte,-15.86,-38.88,66.2,93,75,6.93,BR,1592461933
223,Comodoro Rivadavia,-45.87,-67.5,46.4,65,100,5.82,AR,1592461801
224,Mount Gambier,-37.83,140.77,57.2,67,40,14.99,AU,1592461853
225,Rawson,-43.3,-65.1,48.76,59,29,9.4,AR,1592461844
226,Road Town,18.42,-64.62,81.0,84,51,11.01,VG,1592461933
227,Prince George,53.92,-122.75,55.0,76,1,4.7,CA,1592461813
228,Uzunovo,54.54,38.62,75.52,74,0,4.54,RU,1592461934
229,Nanortalik,60.14,-45.24,37.18,86,33,7.52,GL,1592461744
230,Örnsköldsvik,63.29,18.72,59.0,93,52,4.7,SE,1592461823
231,Iqaluit,63.75,-68.51,37.4,74,90,14.99,CA,1592461934
232,Torbay,47.67,-52.73,59.0,76,90,20.8,CA,1592461635
233,Lata,40.16,-8.33,60.01,93,16,3.0,PT,1592461935
234,Port Shepstone,-30.74,30.45,62.65,58,100,10.18,ZA,1592461916
235,Sibi,29.54,67.88,113.36,11,0,2.64,PK,1592461881
236,Camocim,-2.9,-40.84,74.79,89,3,11.32,BR,1592461935
237,Lavrentiya,65.58,-171.0,50.07,66,1,3.0,RU,1592461935
238,Waspán,14.74,-83.97,75.27,95,84,2.73,NI,1592461935
239,Port Moresby,-9.44,147.18,84.2,79,40,28.86,PG,1592461936
240,Pevek,69.7,170.31,42.39,67,90,12.15,RU,1592461936
241,Lere,10.39,8.57,69.89,83,100,6.22,NG,1592461936
242,Mount Isa,-20.73,139.5,82.4,32,40,9.17,AU,1592461936
243,Buala,-8.14,159.59,82.31,76,29,2.93,SB,1592461936
244,Medvedevo,56.63,47.8,66.2,48,75,11.18,RU,1592461936
245,Salalah,17.02,54.09,89.6,70,75,10.29,OM,1592461937
246,Diego de Almagro,-26.37,-70.05,44.69,60,13,2.98,CL,1592461937
247,Isangel,-19.55,169.27,75.2,73,75,10.09,VU,1592461902
248,Kupang,-10.17,123.58,89.6,52,20,27.51,ID,1592461659
249,Rayachoti,14.05,78.75,91.4,52,75,21.92,IN,1592461937
250,Dandong,40.13,124.39,83.34,49,88,5.44,CN,1592461937
251,Sol'tsy,58.12,30.32,77.77,68,93,4.97,RU,1592461938
252,Seoul,37.57,126.98,80.6,54,75,3.36,KR,1592461648
253,Dakar,14.69,-17.44,80.6,83,40,4.7,SN,1592461874
254,Ayagoz,47.97,80.44,70.79,47,28,14.88,KZ,1592461938
255,Arrondissement de Libourne,44.92,-0.25,60.01,93,6,5.82,FR,1592461938
256,Yanggu,36.11,115.78,69.8,69,94,11.41,CN,1592461938
257,Kargasok,59.06,80.86,51.66,93,100,14.09,RU,1592461939
258,Ambilobe,-13.2,49.05,86.38,35,0,2.37,MG,1592461939
259,Pathein,16.78,94.73,81.84,83,100,4.23,MM,1592461777
260,Kenora,49.82,-94.43,69.8,73,90,10.29,CA,1592461939
261,Hasaki,35.73,140.83,77.0,78,75,6.93,JP,1592461939
262,Nemuro,43.32,145.57,57.2,93,75,2.24,JP,1592461940
263,Nueva Loja,0.08,-76.88,70.03,98,100,2.39,EC,1592461940
264,Nome,64.5,-165.41,71.01,55,75,5.82,US,1592461651
265,Rishikesh,30.12,78.32,87.8,62,40,4.7,IN,1592461940
266,George Town,5.41,100.34,89.6,62,20,9.17,MY,1592461624
267,Slavgorodskoye,53.02,78.64,78.15,34,10,12.26,RU,1592461940
268,Nueve de Julio,-35.44,-60.88,52.0,94,100,11.01,AR,1592461941
269,Villa María,-32.41,-63.24,51.35,60,0,16.75,AR,1592461941
270,Province of Trapani,37.83,12.67,75.99,77,20,2.24,IT,1592461941
271,Molepolole,-24.41,25.5,44.6,81,75,6.93,BW,1592461941
272,Airai,-8.93,125.41,67.41,85,88,5.5,TL,1592461941
273,Swift Current,50.28,-107.8,50.0,100,90,13.87,CA,1592461866
274,Chipinge,-20.19,32.62,50.9,99,100,3.49,ZW,1592461941
275,Paita,-5.09,-81.11,65.48,82,31,10.0,PE,1592461942
276,Severo-Kuril'sk,50.68,156.12,45.36,83,43,6.31,RU,1592461942
277,Bonavista,48.65,-53.11,53.4,77,100,17.27,CA,1592461924
278,Voyvozh,62.89,54.96,50.27,47,0,8.97,RU,1592461942
279,Prymors'k,46.73,36.34,78.04,59,19,17.43,UA,1592461942
280,Dubbo,-32.25,148.62,62.6,59,0,11.41,AU,1592461942
281,Mahébourg,-20.41,57.7,73.4,73,75,17.22,MU,1592461943
282,Blagoyevo,63.37,47.92,59.22,42,0,6.85,RU,1592461943
283,Soyo,-6.13,12.37,75.2,88,75,2.24,AO,1592461943
284,San Carlos del Zulia,9.0,-71.91,74.08,96,100,3.24,VE,1592461943
285,Kirakira,-10.45,161.92,81.0,83,100,8.97,SB,1592461943
286,Vengerovo,55.68,76.75,53.2,94,100,12.82,RU,1592461943
287,Kostomuksha,64.57,30.58,67.23,40,100,7.7,RU,1592461944
288,Makat,47.65,53.35,87.98,25,0,8.79,KZ,1592461944
289,Kaeo,-35.1,173.78,54.0,95,11,8.28,NZ,1592461944
290,Kangaatsiaq,68.31,-53.46,35.06,91,2,8.23,GL,1592461944
291,Vereeniging,-26.67,27.93,44.01,93,90,5.82,ZA,1592461817
292,São José da Coroa Grande,-8.9,-35.15,75.51,84,15,12.08,BR,1592461944
293,Constitución,-35.33,-72.42,53.55,87,100,14.88,CL,1592461945
294,Cap Malheureux,-19.98,57.61,73.99,76,40,11.01,MU,1592461945
295,Nelson,-41.28,173.28,55.0,47,100,1.99,NZ,1592461945
296,Usogorsk,63.41,48.69,58.15,38,0,6.44,RU,1592461945
297,Tromsø,69.65,18.96,51.8,62,75,10.29,NO,1592461945
298,Baoying,33.23,119.31,70.63,87,100,9.71,CN,1592461945
299,Grand Forks,47.93,-97.03,73.4,73,90,12.75,US,1592461946
300,Usinsk,65.99,57.53,43.83,61,100,13.49,RU,1592461946
301,Necochea,-38.55,-58.74,55.99,99,100,4.0,AR,1592461946
302,High Level,58.52,-117.14,50.0,93,1,5.82,CA,1592461712
303,Port Talbot,51.59,-3.78,57.99,100,100,2.59,GB,1592461946
304,Ostrovnoy,68.05,39.51,56.08,59,80,10.8,RU,1592461946
305,Faanui,-16.48,-151.75,81.27,77,100,2.71,PF,1592461947
306,Naze,28.37,129.48,86.0,84,75,16.11,JP,1592461947
307,Charlestown,-32.95,151.67,61.0,83,6,6.33,AU,1592461905
308,San Clemente,33.43,-117.61,63.0,91,1,3.62,US,1592461718
309,Unity,52.45,-109.17,50.0,89,100,7.0,CA,1592461947
310,Koutiala,12.39,-5.46,81.39,63,68,11.27,ML,1592461947
311,Mildura,-34.2,142.15,64.99,42,13,11.41,AU,1592461948
312,Kruisfontein,-34.0,24.73,58.01,43,0,6.96,ZA,1592461948
313,Pandan,14.05,124.17,85.48,74,100,8.1,PH,1592461948
314,Henties Bay,-22.12,14.28,74.88,31,0,25.9,NA,1592461948
315,Mednogorskiy,43.92,41.18,77.45,43,99,3.49,RU,1592461948
316,Batagay-Alyta,67.8,130.41,76.24,27,58,12.86,RU,1592461948
317,Kamenka,51.32,42.77,82.0,46,0,3.0,RU,1592461949
318,Vanimo,-2.67,141.3,83.84,71,1,6.64,PG,1592461949
319,Prince Rupert,54.32,-130.32,53.6,87,90,10.29,CA,1592461949
320,Xining,36.62,101.77,75.88,27,100,8.28,CN,1592461949
321,Champerico,14.3,-91.92,79.12,81,56,5.79,GT,1592461949
322,Severodvinsk,64.56,39.83,64.4,42,0,4.47,RU,1592461949
323,Chardara,41.25,67.97,82.17,23,0,10.58,KZ,1592461950
324,Kishtwār,33.32,75.77,85.82,16,38,4.97,IN,1592461950
325,Nhulunbuy,-12.23,136.77,86.0,62,40,18.34,AU,1592461950
326,Bambanglipuro,-7.95,110.28,83.97,74,21,17.16,ID,1592461950
327,Yerbogachën,61.28,108.01,69.37,36,90,2.37,RU,1592461906
328,Marsh Harbour,26.54,-77.06,79.72,80,100,13.2,BS,1592461950
329,Petropavlovsk-Kamchatskiy,53.05,158.65,53.6,71,17,17.9,RU,1592461926
330,Chabahar,25.29,60.64,88.63,69,43,16.26,IR,1592461951
331,Salinópolis,-0.61,-47.36,76.55,86,1,7.49,BR,1592461951
332,Chiknāyakanhalli,13.42,76.62,75.72,69,100,16.28,IN,1592461728
333,Palmer,42.16,-72.33,62.6,93,20,2.1,US,1592461932
334,Sørland,67.67,12.69,50.0,81,20,23.04,NO,1592461951
335,Pyaozerskiy,65.83,31.17,68.43,37,42,8.57,RU,1592461952
336,Dearborn,42.32,-83.18,66.0,68,1,2.3,US,1592461822
337,La Sarre,48.8,-79.2,61.47,76,10,7.29,CA,1592461952
338,Leningradskiy,69.38,178.42,49.48,50,94,7.56,RU,1592461953
339,Kitimat,54.05,-128.65,55.99,87,100,4.16,CA,1592461953
340,Mayo,38.89,-76.51,66.99,93,90,6.93,US,1592461953
341,Kakching,24.48,93.98,77.0,65,75,2.24,IN,1592461953
342,Garden City,42.33,-83.33,66.0,68,40,3.36,US,1592461816
343,Progreso,21.28,-89.67,79.0,94,40,6.87,MX,1592461953
344,Moose Factory,51.26,-80.61,75.2,44,1,17.22,CA,1592461954
345,Aquidauana,-20.47,-55.79,69.39,68,1,5.12,BR,1592461954
346,Isiro,2.77,27.62,73.69,95,49,1.68,CD,1592461954
347,Luwuk,-0.95,122.79,82.33,77,84,6.62,ID,1592461954
348,Faya,18.39,42.45,84.2,10,62,18.34,SA,1592461954
349,Rincon,32.3,-81.24,71.6,78,90,1.99,US,1592461955
350,Morro Bay,35.37,-120.85,62.01,92,0,1.5,US,1592461955
351,Beira,-19.84,34.84,64.4,93,90,11.41,MZ,1592461955
352,Sinnamary,5.38,-52.95,76.64,88,100,5.48,GF,1592461955
353,Saint-Philippe,-21.36,55.77,73.4,64,95,18.34,RE,1592461955
354,Harper,4.38,-7.72,76.86,86,100,9.6,LR,1592461955
355,Manzhouli,49.6,117.43,78.75,23,0,13.85,CN,1592461955
356,Mezen',65.85,44.24,59.13,46,0,5.37,RU,1592461956
357,Tamiahua,21.27,-97.45,78.04,87,0,5.23,MX,1592461956
358,Nelson Bay,-32.72,152.15,62.01,67,40,11.41,AU,1592461956
359,Challapata,-18.9,-66.77,34.84,63,0,2.17,BO,1592461956
360,Hong Kong,22.29,114.16,89.01,62,0,15.01,HK,1592461820
361,Domodossola,46.12,8.29,64.99,76,0,1.54,IT,1592461956
362,Broome,42.25,-75.83,62.6,67,1,5.82,US,1592461957
363,Kasongo-Lunda,-6.47,16.82,71.37,40,0,3.2,CD,1592461957
364,Mayfield,36.74,-88.64,64.99,88,1,3.36,US,1592461957
365,Ancud,-41.87,-73.82,50.0,93,90,28.86,CL,1592461957
366,Lufilufi,-13.87,-171.6,86.0,58,100,15.01,WS,1592461957
367,Concepción,-36.83,-73.05,55.4,87,100,23.04,CL,1592461885
368,Mumbwa,-14.98,27.06,58.73,60,89,11.77,ZM,1592461958
369,Upernavik,72.79,-56.15,32.7,92,0,7.16,GL,1592461604
370,Irgakly,44.36,44.76,76.14,51,100,8.75,RU,1592461958
371,Ciudad Bolivar,8.12,-63.55,78.1,83,100,8.77,VE,1592461958
372,College,64.86,-147.8,71.6,35,75,5.82,US,1592461701
373,Santa Cruz de la Sierra,-17.8,-63.17,73.4,83,20,14.99,BO,1592461708
374,Cabedelo,-6.98,-34.83,75.29,86,17,12.19,BR,1592461869
375,Saint-François,46.42,3.91,59.0,72,71,3.36,FR,1592461959
376,Olafsvik,64.89,-23.71,48.16,78,100,17.6,IS,1592461959
377,Kosh-Agach,50.0,88.67,66.09,37,85,14.34,RU,1592461959
378,La Ronge,55.1,-105.28,48.2,66,75,13.87,CA,1592461959
379,Yarmouth,41.71,-70.23,63.0,88,1,5.7,US,1592461960
380,Marzuq,14.4,46.47,94.3,12,72,2.08,YE,1592461848
381,Zhigansk,66.77,123.37,72.73,41,0,4.32,RU,1592461960
382,Bonthe,7.53,-12.51,77.95,86,71,5.41,SL,1592461676
383,Severo-Yeniseyskiy,60.37,93.04,70.9,29,0,11.21,RU,1592461960
384,Tateyama,34.98,139.87,75.2,78,75,5.82,JP,1592461960
385,San Blas,21.52,-105.27,76.95,68,0,0.43,MX,1592461960
386,Kitob,39.08,66.83,87.48,15,0,5.77,UZ,1592461961
387,Chamrajnagar,11.92,76.95,80.6,74,75,20.8,IN,1592461961
388,Samarai,-10.62,150.67,79.59,83,96,19.62,PG,1592461961
389,Santa Cruz Cabrália,-16.28,-39.02,66.2,93,75,6.93,BR,1592461936
390,Bluefield,37.27,-81.22,57.99,100,90,0.65,US,1592461777
391,Sioux Lookout,50.1,-91.92,77.0,61,75,10.29,CA,1592461961
392,Luganville,-15.53,167.17,78.8,83,75,10.29,VU,1592461961
393,Keti Bandar,24.14,67.45,91.81,62,1,15.21,PK,1592461962
394,Honningsvåg,70.98,25.97,55.4,54,69,10.29,NO,1592461962
395,Port Lincoln,-34.73,135.87,63.41,52,29,13.53,AU,1592461962
396,Sarakhs,36.54,61.16,91.4,14,0,4.7,IR,1592461962
397,Quatre Cocos,-20.21,57.76,73.99,73,75,17.22,MU,1592461962
398,Murgab,37.5,61.97,89.6,22,0,9.17,TM,1592461962
399,Tilaran,10.47,-84.97,70.84,94,100,4.05,CR,1592461963
400,Varhaug,58.61,5.65,57.2,100,90,1.12,NO,1592461865
401,Kismayo,-0.36,42.55,80.35,74,31,15.5,SO,1592461702
402,Japura,-0.32,102.35,91.76,53,91,2.44,ID,1592461963
403,Zacatepec,18.65,-99.2,70.0,89,58,1.01,MX,1592461963
404,Berlevåg,70.86,29.09,57.2,71,67,3.36,NO,1592461963
405,Taltal,-25.4,-70.48,58.91,60,0,5.64,CL,1592461964
406,Haines Junction,60.75,-137.51,49.57,71,100,3.94,CA,1592461964
407,Port Said,31.26,32.28,75.2,73,48,12.75,EG,1592461960
408,Jumla,29.27,82.18,73.0,89,98,1.01,NP,1592461964
409,Pontianak,-0.03,109.33,85.69,74,100,2.35,ID,1592461964
410,Lompoc,34.64,-120.46,53.6,93,0,3.71,US,1592461887
411,Tezu,27.92,96.17,77.27,87,100,2.08,IN,1592461964
412,Glencoe,-28.18,30.15,46.89,84,65,1.83,ZA,1592461965
413,Tazovsky,67.47,78.7,43.34,60,29,10.16,RU,1592461965
414,Yarensk,62.17,49.09,60.35,39,0,7.67,RU,1592461965
415,Camacha,33.08,-16.33,66.2,88,20,11.41,PT,1592461965
416,Becerril,9.7,-73.28,73.98,86,80,2.62,CO,1592461965
417,Jalu,29.03,21.55,78.22,39,0,1.79,LY,1592461966
418,Kisangani,0.52,25.2,76.95,77,95,0.76,CD,1592461966
419,Dawlatabad,36.41,64.91,90.75,11,0,10.29,AF,1592461966
420,Madang,-5.22,145.8,83.12,73,1,5.03,PG,1592461966
421,Turukhansk,65.82,87.98,43.32,91,100,13.2,RU,1592461966
422,Alyangula,-13.85,136.42,84.2,58,28,10.29,AU,1592461966
423,Malakwal,32.55,73.21,112.6,6,0,7.49,PK,1592461967
424,Ankazobe,-18.32,47.12,55.4,71,75,13.87,MG,1592461967
425,Tyukhtet,56.54,89.3,75.07,64,76,7.11,RU,1592461967
426,Naryan-Mar,67.67,53.09,42.89,62,99,12.64,RU,1592461967
427,Yeppoon,-23.13,150.73,75.2,50,51,14.99,AU,1592461967
428,Tambura,5.6,27.47,77.04,76,65,3.69,SS,1592461967
429,Iquique,-20.22,-70.14,57.2,82,2,5.82,CL,1592461968
430,Huarmey,-10.07,-78.15,61.29,86,62,6.08,PE,1592461968
431,Wilmington,34.23,-77.94,64.0,100,1,5.46,US,1592461637
432,Monroe,43.15,-77.68,61.0,72,40,4.45,US,1592461798
433,Smithers,54.78,-127.17,62.6,48,75,2.24,CA,1592461968
434,Boundiali,9.52,-6.49,72.88,94,100,7.43,CI,1592461968
435,Brae,60.4,-1.35,51.8,93,100,3.36,GB,1592461912
436,Whitehorse,60.72,-135.05,53.6,58,75,16.11,CA,1592461829
437,Fuengirola,36.54,-4.62,73.99,82,0,8.05,ES,1592461969
438,Xai-Xai,-25.05,33.64,67.51,81,39,4.61,MZ,1592461969
439,Wewak,-3.55,143.63,83.37,75,0,8.34,PG,1592461969
440,Santa Rosa,14.31,121.11,95.0,63,40,3.36,PH,1592461969
441,Vardø,70.37,31.11,50.0,81,0,5.82,NO,1592461970
442,Puerto Quijarro,-17.78,-57.77,70.09,67,8,3.96,BO,1592461970
443,Chandla,25.08,80.2,95.0,59,40,2.24,IN,1592461970
444,Broken Hill,-31.95,141.43,62.6,39,0,11.41,AU,1592461870
445,Ixtapa,20.7,-105.2,79.0,86,0,0.58,MX,1592461970
446,Tahoua,14.89,5.27,82.4,65,100,13.87,NE,1592461970
447,South Hill,47.14,-122.27,59.0,100,20,1.52,US,1592461970
448,Sartana,47.17,37.7,75.0,100,0,15.01,UA,1592461971
449,Owando,-0.48,15.9,77.61,76,81,3.13,CG,1592461971
450,Presidencia Roque Sáenz Peña,-26.79,-60.44,73.99,66,23,1.99,AR,1592461971
451,Shalakusha,62.22,40.25,65.41,33,0,5.3,RU,1592461971
452,Vao,-22.67,167.48,72.12,81,100,14.23,NC,1592461971
453,Gazojak,41.19,61.4,87.75,13,0,7.11,TM,1592461971
454,Ende,-8.84,121.66,83.03,62,13,6.11,ID,1592461972
455,North Platte,41.12,-100.77,82.4,39,1,19.46,US,1592461972
456,Maceió,-9.67,-35.74,68.0,94,20,2.24,BR,1592461972
457,Iracoubo,5.48,-53.2,75.58,90,100,5.14,GF,1592461972
458,Namasuba,0.69,32.42,76.33,54,1,5.91,UG,1592461972
459,Uto,32.68,130.67,77.0,100,75,13.87,JP,1592461972
460,Agüimes,27.91,-15.45,71.6,64,20,8.05,ES,1592461973
461,Colares,38.8,-9.45,62.01,77,20,11.41,PT,1592461973
462,Perry,37.25,-83.2,62.6,100,90,1.43,US,1592461951
463,Yārāda,17.65,83.27,89.6,62,75,11.41,IN,1592461973
464,Daru,-9.08,143.21,79.12,83,55,19.15,PG,1592461973
465,Ketchikan,55.34,-131.65,53.6,100,90,8.05,US,1592461974
466,‘Āhuimanu,21.44,-157.84,93.2,46,75,10.29,US,1592461869
467,Ilulissat,69.22,-51.1,35.6,80,0,4.7,GL,1592461974
468,Nicoya,10.15,-85.45,75.92,90,100,0.94,CR,1592461803
469,Meulaboh,4.14,96.13,85.46,63,98,3.22,ID,1592461974
470,Alofi,-19.06,-169.92,71.6,73,1,8.05,NU,1592461684
471,Antofagasta,-23.65,-70.4,57.2,93,75,18.34,CL,1592461940
472,Vryburg,-26.96,24.73,48.7,67,0,6.11,ZA,1592461975
473,Forio,40.73,13.86,73.0,75,0,7.0,IT,1592461975
474,Emerald,-23.53,148.17,77.0,38,75,8.05,AU,1592461975
475,Lobito,-12.35,13.55,66.2,93,0,4.14,AO,1592461975
476,Kargalinskaya,43.74,46.48,78.69,41,100,7.61,RU,1592461975
477,Lokomotivnyy,53.01,60.57,60.89,66,99,10.8,RU,1592461976
478,Riyadh,24.69,46.72,96.8,13,65,8.05,SA,1592461727
479,Bar Harbor,44.39,-68.2,55.4,93,1,4.7,US,1592461976
480,Sechura,-5.56,-80.82,65.55,80,0,9.42,PE,1592461976
481,Kampot,10.62,104.18,89.6,62,20,9.17,KH,1592461976
482,Trairi,-3.28,-39.27,72.79,91,3,9.86,BR,1592461915
483,Yuzhno-Kurilsk,44.03,145.86,52.93,92,100,6.15,RU,1592461977
484,Mānsa,29.98,75.38,114.1,6,0,7.36,IN,1592461977
485,Mahajanga,-15.72,46.32,77.0,41,26,20.8,MG,1592461977
486,Taoudenni,22.68,-3.98,95.34,19,0,18.39,ML,1592461977
487,Arlit,18.74,7.39,88.84,10,0,9.19,NE,1592461827
488,Diamantino,-14.41,-56.45,66.58,78,1,6.44,BR,1592461977
489,Yining,29.04,114.56,77.31,86,100,4.21,CN,1592461977
490,Rock Springs,41.59,-109.2,41.0,65,1,10.29,US,1592461978
491,Beloha,-25.17,45.05,70.54,52,1,14.61,MG,1592461978
492,Bairiki Village,1.33,172.98,84.2,66,75,3.36,KI,1592461895
493,Port Macquarie,-31.43,152.92,61.0,86,79,1.01,AU,1592461978
494,Mersing,2.43,103.84,86.0,79,20,1.12,MY,1592461978
495,Barra de Tecoanapa,16.52,-98.75,80.47,76,2,3.02,MX,1592461978
496,Dhidhdhoo,6.88,73.1,84.51,79,100,12.12,MV,1592461979
497,Alibag,18.64,72.88,87.8,79,75,12.75,IN,1592461979
498,Bathurst,-33.42,149.58,57.99,78,0,3.38,AU,1592461979
499,Port Townsend,48.12,-122.76,55.0,87,1,3.36,US,1592461979
500,Tiquisate,14.28,-91.37,75.54,90,95,3.4,GT,1592461979
501,Sarh,9.14,18.39,73.4,94,40,4.7,TD,1592461980
502,Waipawa,-41.41,175.52,51.8,100,100,29.97,NZ,1592461980
503,Ainring,47.82,12.95,57.99,93,75,2.24,DE,1592461980
504,Eilat,29.56,34.95,89.6,31,0,13.87,IL,1592461744
505,Thunder Bay,48.4,-89.32,55.4,87,5,4.7,CA,1592461980
506,Maridi,4.92,29.47,74.98,90,1,3.02,SS,1592461980
507,Vila do Maio,15.13,-23.22,84.2,48,0,21.92,CV,1592461981
508,Caucaia,-3.74,-38.65,75.2,88,40,8.05,BR,1592461981
509,Maragogi,-9.01,-35.22,74.89,84,2,12.06,BR,1592461981
510,Sarangani,5.4,125.46,84.96,66,100,1.01,PH,1592461981
511,Qeshm,26.96,56.27,96.8,63,40,11.41,IR,1592461981
512,Golpāyegān,33.45,50.29,90.5,11,0,13.02,IR,1592461982
513,Westerville,40.13,-82.93,66.0,77,1,4.7,US,1592461963
514,Ballina,-28.87,153.57,66.2,68,90,14.99,AU,1592461982
515,Dzemul,21.2,-89.3,79.0,94,40,3.33,MX,1592461982
516,Lodja,-3.48,23.43,73.85,40,96,3.65,CD,1592461982
517,Epiniana,39.14,21.61,64.0,73,6,1.01,GR,1592461982
518,Tomball,30.1,-95.62,75.99,73,1,6.42,US,1592461983
519,Hamilton,39.18,-84.53,66.0,87,75,2.86,US,1592461952
520,Balotra,25.83,72.23,104.41,30,2,19.82,IN,1592461983
521,Puerto del Rosario,28.5,-13.86,73.4,73,20,6.93,ES,1592461983
522,Kalianget,-7.05,113.93,84.47,72,1,13.18,ID,1592461984
523,Krasne,49.91,24.61,64.4,93,75,8.95,UA,1592461984
524,Poli,-3.33,36.8,66.2,82,75,5.82,TZ,1592461984
525,Beşikdüzü,41.05,39.23,77.0,69,0,4.7,TR,1592461984
526,North Bend,43.41,-124.22,55.4,93,1,17.22,US,1592461984
527,Brzeg Dolny,51.27,16.71,69.01,88,75,4.7,PL,1592461984
528,Riachão,-7.36,-46.62,68.83,77,0,5.1,BR,1592461984
529,Tanabe,33.73,135.37,64.4,100,75,2.24,JP,1592461985
530,Wum,6.38,10.07,64.98,100,100,0.6,CM,1592461985
531,Mayor Pablo Lagerenza,-19.93,-60.77,77.9,53,100,13.53,PY,1592461985
532,Srednekolymsk,67.45,153.68,88.23,19,31,6.22,RU,1592461985
533,Fairbanks,64.84,-147.72,71.6,30,75,11.41,US,1592461775
534,Podgornoye,51.73,39.15,80.6,44,0,4.47,RU,1592461985
535,Tornio,65.85,24.15,66.2,63,98,3.36,FI,1592461986
536,Chu,43.6,73.76,76.5,24,0,6.87,KZ,1592461986
537,Esim,4.87,-2.24,77.11,86,100,11.45,GH,1592461986
538,Muros,42.78,-9.06,50.0,93,1,2.39,ES,1592461986
539,Portachuelo,-17.35,-63.4,73.4,83,20,14.99,BO,1592461986
540,The Valley,18.22,-63.06,82.4,78,20,10.29,AI,1592461986
541,Gigmoto,13.78,124.39,85.01,75,100,7.94,PH,1592461987
542,Manaure,11.78,-72.44,80.71,77,45,12.44,CO,1592461987
543,Miraflores,19.22,-98.81,66.2,52,5,5.82,MX,1592461987
544,Idlib,35.93,36.63,80.6,54,0,12.75,SY,1592461987
545,Kintampo,8.06,-1.73,74.12,88,99,7.72,GH,1592461987
546,Acapulco de Juárez,16.86,-99.89,79.81,76,6,4.21,MX,1592461987
547,Pallasovka,50.05,46.88,83.14,39,0,6.38,RU,1592461988
548,Nabire,-3.37,135.48,84.6,70,17,4.47,ID,1592461988
549,Xicoténcatl,23.02,-98.88,81.0,67,84,8.99,MX,1592461988
550,São João da Barra,-21.64,-41.05,66.38,80,0,4.61,BR,1592461988
551,Makakilo City,21.35,-158.09,78.8,61,1,8.05,US,1592461988
552,Atambua,-9.11,124.89,80.51,62,62,4.47,ID,1592461988
553,Carupano,10.67,-63.26,77.38,88,98,6.08,VE,1592461988
554,Scarborough,54.28,-0.4,55.0,92,100,5.01,GB,1592461989
555,Tual,-5.67,132.75,81.09,84,0,16.96,ID,1592461989
556,Sagaing,21.88,95.98,93.2,63,75,11.41,MM,1592461989
557,Olonets,60.98,32.97,72.55,62,63,6.33,RU,1592461989
558,Oddur,4.12,43.89,81.64,50,45,24.18,SO,1592461989
559,Lębork,54.54,17.75,66.99,88,20,8.05,PL,1592461990
560,Plettenberg Bay,-34.05,23.37,62.6,47,0,9.62,ZA,1592461990
561,Korla,41.76,86.15,92.39,12,62,8.43,CN,1592461990
562,Knysna,-34.04,23.05,64.4,36,0,9.17,ZA,1592461990
563,Upata,8.01,-62.4,77.0,91,100,5.41,VE,1592461990
564,Roald,62.58,6.13,62.01,82,0,3.36,NO,1592461990
565,Mazamet,43.49,2.37,59.0,87,75,1.12,FR,1592461991
566,Egvekinot,66.32,-179.17,61.48,32,99,2.53,RU,1592461991
567,Panjāb,34.39,67.02,68.72,21,0,2.59,AF,1592461991
568,Flinders,-34.58,150.86,64.0,60,62,3.0,AU,1592461991
569,San Patricio,19.22,-104.7,79.32,65,83,2.42,MX,1592461991
570,Gogrial,8.53,28.1,81.75,64,100,6.6,SS,1592461991
